scorer,AUROC,AUPR_unknown,unknown_accepted@95%retention(oracle),tau(val),val_retention,test_retention,rejection_recall_strict,rejection_recall_lenient,rejection_recall[document_processing],rejection_recall[yard_management]
MSP (baseline),0.7909615384615385,0.8061145407615639,0.8125,-0.6305610537528992,0.953125,0.9384615384615385,0.2625,0.2625,0.25,0.275
MSP + temperature,0.7890384615384616,0.8010097736211506,0.825,-0.7670662999153137,0.953125,0.9384615384615385,0.2375,0.2375,0.25,0.225
max-logit,0.8053846153846154,0.8181854898832281,0.775,-2.8787825107574463,0.953125,0.9230769230769231,0.3875,0.3875,0.4,0.375
energy,0.8113461538461538,0.8274558054948267,0.65,-3.332864761352539,0.953125,0.9230769230769231,0.425,0.425,0.45,0.4
Mahalanobis [cls],0.8201923076923078,0.7780253032868113,0.8375,22361.125,0.953125,0.9076923076923077,0.3375,0.3375,0.4,0.275
kNN k=1 [cls],0.8169230769230769,0.8126484654788408,0.7875,-0.8333498239517212,0.953125,0.9230769230769231,0.2875,0.2875,0.3,0.275
kNN k=5 [cls],0.8126923076923077,0.8115842116511661,0.7875,-0.8154177069664001,0.953125,0.9230769230769231,0.2875,0.2875,0.275,0.3
kNN k=10 [cls],0.8136538461538462,0.8129120419460729,0.8,-0.805927038192749,0.953125,0.9230769230769231,0.275,0.275,0.275,0.275
Mahalanobis [mean],0.8211538461538461,0.7684653130740031,0.95,16970.6015625,0.953125,0.9230769230769231,0.3375,0.3375,0.4,0.275
kNN k=1 [mean],0.8213461538461538,0.8029656913553228,0.8,-0.789860725402832,0.953125,0.9230769230769231,0.2625,0.2625,0.3,0.225
kNN k=5 [mean],0.8184615384615385,0.7981569964476434,0.775,-0.7801446914672852,0.953125,0.9230769230769231,0.275,0.275,0.3,0.25
kNN k=10 [mean],0.8178846153846153,0.7960234031344556,0.775,-0.7740592956542969,0.953125,0.9230769230769231,0.275,0.275,0.3,0.25
