scorer,AUROC,AUPR_unknown,unknown_accepted@95%retention(oracle),tau(val),val_retention,test_retention,rejection_recall_strict,rejection_recall_lenient,rejection_recall[shipment_information.disruptions]
MSP (baseline),0.7436507936507937,0.5383370079349817,0.8571428571428571,-0.2444644570350647,0.9577464788732394,0.9583333333333334,0.14285714285714285,0.14285714285714285,0.14285714285714285
MSP + temperature,0.7186507936507937,0.5053631775391236,0.9428571428571428,-0.5784143805503845,0.9577464788732394,0.9305555555555556,0.08571428571428572,0.08571428571428572,0.08571428571428572
max-logit,0.7559523809523809,0.5539128510582861,0.8571428571428571,-1.203546166419983,0.9577464788732394,0.9444444444444444,0.14285714285714285,0.14285714285714285,0.14285714285714285
energy,0.8035714285714286,0.5862126337376337,0.8857142857142857,-2.60536527633667,0.9577464788732394,0.9305555555555556,0.2,0.2,0.2
Mahalanobis [cls],0.8535714285714285,0.6179656275406009,0.9428571428571428,4244.564453125,0.9577464788732394,0.8888888888888888,0.34285714285714286,0.34285714285714286,0.34285714285714286
kNN k=1 [cls],0.8301587301587302,0.5986340577921397,0.8857142857142857,-0.7603936195373535,0.9577464788732394,0.9166666666666666,0.22857142857142856,0.22857142857142856,0.22857142857142856
kNN k=5 [cls],0.8003968253968253,0.5608385003619012,0.8857142857142857,-0.6863417625427246,0.9577464788732394,0.9305555555555556,0.17142857142857143,0.17142857142857143,0.17142857142857143
kNN k=10 [cls],0.7948412698412698,0.5539352006153478,0.9142857142857143,-0.6739649772644043,0.9577464788732394,0.9305555555555556,0.17142857142857143,0.17142857142857143,0.17142857142857143
Mahalanobis [mean],0.8281746031746032,0.5672547180919915,1.0,3583.238037109375,0.9577464788732394,0.8888888888888888,0.3142857142857143,0.3142857142857143,0.3142857142857143
kNN k=1 [mean],0.8242063492063492,0.5805661080788648,0.8571428571428571,-0.718410313129425,0.9577464788732394,0.9027777777777778,0.22857142857142856,0.22857142857142856,0.22857142857142856
kNN k=5 [mean],0.801984126984127,0.5557698838914029,0.8571428571428571,-0.6207422018051147,0.9577464788732394,0.9444444444444444,0.14285714285714285,0.14285714285714285,0.14285714285714285
kNN k=10 [mean],0.7936507936507937,0.5450884441666164,0.8857142857142857,-0.5884061455726624,0.9577464788732394,0.9444444444444444,0.14285714285714285,0.14285714285714285,0.14285714285714285
