fold,strategy,fraction,n_labelled,macro_f1,accuracy,n
0,random,0.1,34,0.4934937611408199,0.5294117647058824,85
0,random,0.2,68,0.6103415103415103,0.6235294117647059,85
0,random,0.35,118,0.7628627091862387,0.7764705882352941,85
0,random,0.5,169,0.795252359726044,0.8,85
0,random,0.75,254,0.8619734432234433,0.8705882352941177,85
0,random,1.0,338,0.8909169670199083,0.8941176470588236,85
0,least_confidence,0.1,34,0.4974432877064454,0.5176470588235295,85
0,least_confidence,0.2,68,0.6138375513375512,0.6235294117647059,85
0,least_confidence,0.35,118,0.6947422947422948,0.6941176470588235,85
0,least_confidence,0.5,169,0.8573655103066868,0.8588235294117647,85
0,least_confidence,0.75,254,0.9058704453441296,0.9058823529411764,85
0,least_confidence,1.0,338,0.916935768909453,0.9176470588235294,85
1,random,0.1,34,0.5873744719332955,0.5882352941176471,85
1,random,0.2,68,0.6727727284792503,0.6705882352941176,85
1,random,0.35,118,0.6912556011240222,0.6941176470588235,85
1,random,0.5,169,0.8312527448397012,0.8235294117647058,85
1,random,0.75,254,0.8844831352571291,0.8823529411764706,85
1,random,1.0,338,0.9528352860589704,0.9529411764705882,85
1,least_confidence,0.1,34,0.5395013838108468,0.5647058823529412,85
1,least_confidence,0.2,68,0.7521198830409358,0.7411764705882353,85
1,least_confidence,0.35,118,0.8117354867354868,0.8,85
1,least_confidence,0.5,169,0.9100741363899258,0.9058823529411764,85
1,least_confidence,0.75,254,0.9445221531134844,0.9411764705882352,85
1,least_confidence,1.0,338,0.934581317805002,0.9294117647058824,85
2,random,0.1,34,0.4681396332712123,0.5119047619047619,84
2,random,0.2,68,0.6281646594146594,0.6428571428571429,84
2,random,0.35,119,0.7751039238539238,0.7738095238095238,84
2,random,0.5,170,0.7768943474825828,0.7857142857142857,84
2,random,0.75,254,0.8160822973322973,0.8214285714285714,84
2,random,1.0,339,0.8648509020219547,0.8690476190476191,84
2,least_confidence,0.1,34,0.5399963689179376,0.5595238095238095,84
2,least_confidence,0.2,68,0.676862757125915,0.6666666666666666,84
2,least_confidence,0.35,119,0.7660978549725352,0.7738095238095238,84
2,least_confidence,0.5,170,0.799192242942243,0.8095238095238095,84
2,least_confidence,0.75,254,0.9110030442267284,0.9166666666666666,84
2,least_confidence,1.0,339,0.8627742627742628,0.8690476190476191,84
